"id_condominio","id_cxc","categoria","cuenta_contable","detalle","fecha","fechavencimiento","valor","saldo","fecha_cobro","descuento","valorcobro","diff_fecha_menos_cobro"
467,334946,Ingresos Comunes,Consumo de Agua,Consumo de agua 18 de diciembre 2018 a 17 de enero 2019,2019-01-01,2019-01-31,2.03,0.00,2019-07-09,0.00,2.03,189
467,334948,Ingresos Comunes,Consumo de Agua,Consumo de agua 18 de diciembre 2018 a 17 de enero 2019,2019-01-01,2019-01-31,3.85,0.00,2019-02-13,0.00,3.85,43
467,334949,Ingresos Comunes,Consumo de Agua,Consumo de agua 18 de diciembre 2018 a 17 de enero 2019,2019-01-01,2019-01-31,0.09,0.00,2019-03-12,0.00,0.09,70
467,334950,Ingresos Comunes,Consumo de Agua,Consumo de agua 18 de diciembre 2018 a 17 de enero 2019,2019-01-01,2019-01-31,0.66,0.00,2019-04-02,0.00,0.66,91
467,334951,Ingresos Comunes,Consumo de Agua,Consumo de agua 18 de diciembre 2018 a 17 de enero 2019,2019-01-01,2019-01-31,0.62,0.00,2019-01-29,0.00,0.62,28
467,334953,Ingresos Comunes,Consumo de Agua,Consumo de agua 18 de diciembre 2018 a 17 de enero 2019,2019-01-01,2019-01-31,3.56,0.00,2019-02-07,0.00,3.56,37
467,334954,Ingresos Comunes,Consumo de Agua,Consumo de agua 18 de diciembre 2018 a 17 de enero 2019,2019-01-01,2019-01-31,3.66,0.00,2019-01-29,0.00,3.66,28
467,334956,Ingresos Comunes,Consumo de Agua,Consumo de agua 18 de diciembre 2018 a 17 de enero 2019,2019-01-01,2019-01-31,11.67,0.00,2019-05-13,0.00,11.67,132
467,334957,Ingresos Comunes,Consumo de Agua,Consumo de agua 18 de diciembre 2018 a 17 de enero 2019,2019-01-01,2019-01-31,5.00,0.00,2020-02-03,0.00,5.00,398
467,334958,Ingresos Comunes,Consumo de Agua,Consumo de agua 18 de diciembre 2018 a 17 de enero 2019,2019-01-01,2019-01-31,3.08,0.00,2019-02-05,0.00,3.08,35
467,334959,Ingresos Comunes,Consumo de Agua,Consumo de agua 18 de diciembre 2018 a 17 de enero 2019,2019-01-01,2019-01-31,2.39,0.00,2019-03-21,0.00,2.39,79
467,334961,Ingresos Comunes,Consumo de Agua,Consumo de agua 18 de diciembre 2018 a 17 de enero 2019,2019-01-01,2019-01-31,3.03,0.00,2019-09-09,0.00,3.03,251
467,334962,Ingresos Comunes,Consumo de Agua,Consumo de agua 18 de diciembre 2018 a 17 de enero 2019,2019-01-01,2019-01-31,1.87,0.00,2019-05-29,0.00,1.87,148
467,334963,Ingresos Comunes,Consumo de Agua,Consumo de agua 18 de diciembre 2018 a 17 de enero 2019,2019-01-01,2019-01-31,2.41,0.00,2019-02-13,0.00,2.41,43
467,334964,Ingresos Comunes,Consumo de Agua,Consumo de agua 18 de diciembre 2018 a 17 de enero 2019,2019-01-01,2019-01-31,2.15,0.00,2019-02-04,0.00,2.15,34
467,334965,Ingresos Comunes,Consumo de Agua,Consumo de agua 18 de diciembre 2018 a 17 de enero 2019,2019-01-01,2019-01-31,1.60,0.00,2019-01-30,0.00,1.60,29
467,334966,Ingresos Comunes,Consumo de Agua,Consumo de agua 18 de diciembre 2018 a 17 de enero 2019,2019-01-01,2019-01-31,1.53,0.00,2019-07-12,0.00,1.53,192
467,334967,Ingresos Comunes,Consumo de Agua,Consumo de agua 18 de diciembre 2018 a 17 de enero 2019,2019-01-01,2019-01-31,0.42,0.00,2019-03-19,0.00,0.42,77
467,334968,Ingresos Comunes,Consumo de Agua,Consumo de agua 18 de diciembre 2018 a 17 de enero 2019,2019-01-01,2019-01-31,1.94,0.00,2019-01-29,0.00,1.94,28
467,334969,Ingresos Comunes,Consumo de Agua,Consumo de agua 18 de diciembre 2018 a 17 de enero 2019,2019-01-01,2019-01-31,1.64,0.00,2019-02-07,0.00,1.64,37
467,334970,Ingresos Comunes,Consumo de Agua,Consumo de agua 18 de diciembre 2018 a 17 de enero 2019,2019-01-01,2019-01-31,0.97,0.00,2019-01-29,0.00,0.97,28
467,334971,Ingresos Comunes,Consumo de Agua,Consumo de agua 18 de diciembre 2018 a 17 de enero 2019,2019-01-01,2019-01-31,5.82,0.00,2019-02-01,0.00,5.82,31
467,334972,Ingresos Comunes,Consumo de Agua,Consumo de agua 18 de diciembre 2018 a 17 de enero 2019,2019-01-01,2019-01-31,0.48,0.00,2019-01-29,0.00,0.48,28
467,334973,Ingresos Comunes,Consumo de Agua,Consumo de agua 18 de diciembre 2018 a 17 de enero 2019,2019-01-01,2019-01-31,6.59,0.00,2019-02-07,0.00,6.59,37
467,334974,Ingresos Comunes,Consumo de Agua,Consumo de agua 18 de diciembre 2018 a 17 de enero 2019,2019-01-01,2019-01-31,4.65,0.00,2019-06-10,0.00,4.65,160
467,334976,Ingresos Comunes,Consumo de Agua,Consumo de agua 18 de diciembre 2018 a 17 de enero 2019,2019-01-01,2019-01-31,2.80,0.00,2019-02-07,0.00,2.80,37
467,334977,Ingresos Comunes,Consumo de Agua,Consumo de agua 18 de diciembre 2018 a 17 de enero 2019,2019-01-01,2019-01-31,0.42,0.00,2019-09-26,0.00,0.42,268
467,334978,Ingresos Comunes,Consumo de Agua,Consumo de agua 18 de diciembre 2018 a 17 de enero 2019,2019-01-01,2019-01-31,4.04,0.00,2019-02-18,0.00,4.04,48
467,334979,Ingresos Comunes,Consumo de Agua,Consumo de agua 18 de diciembre 2018 a 17 de enero 2019,2019-01-01,2019-01-31,5.33,0.00,2019-11-11,0.00,5.33,314
467,334980,Ingresos Comunes,Consumo de Agua,Consumo de agua 18 de diciembre 2018 a 17 de enero 2019,2019-01-01,2019-01-31,6.71,0.00,2019-02-01,0.00,6.71,31
467,334981,Ingresos Comunes,Consumo de Agua,Consumo de agua 18 de diciembre 2018 a 17 de enero 2019,2019-01-01,2019-01-31,4.15,0.00,2019-01-29,0.00,4.15,28
467,334982,Ingresos Comunes,Consumo de Agua,Consumo de agua 18 de diciembre 2018 a 17 de enero 2019,2019-01-01,2019-01-31,0.08,0.00,2019-09-04,0.00,0.08,246
467,334983,Ingresos Comunes,Consumo de Agua,Consumo de agua 18 de diciembre 2018 a 17 de enero 2019,2019-01-01,2019-01-31,2.10,0.00,2019-02-04,0.00,2.10,34
453,349865,Ingresos Comunes,Alícuota Mensual,Expensa enero 2019,2019-01-01,2019-01-31,64.68,0.00,2019-01-30,0.00,64.68,29
387,335014,Ingresos Comunes,Intereses,Intereses generados en pagos atrasados de dic-2018,2019-01-01,2019-01-20,3.29,0.00,2019-01-29,0.00,3.29,28
387,335023,Ingresos Comunes,Intereses,Intereses generados en pagos atrasados de dic-2018,2019-01-01,2019-01-20,1.03,0.00,2019-02-04,0.00,1.03,34
387,335029,Ingresos Comunes,Multas,Multas generados en pagos atrasados de dic-2018,2019-01-01,2019-01-20,9.40,0.00,2019-01-29,0.00,9.40,28
387,335038,Ingresos Comunes,Multas,Multas generados en pagos atrasados de dic-2018,2019-01-01,2019-01-20,16.97,0.00,2019-02-04,0.00,16.97,34
387,335100,Ingresos Comunes,Alícuota Mensual,Condominio enero 2019,2019-01-01,2019-01-20,363.44,0.00,2019-03-19,0.00,363.44,77
387,335101,Ingresos Comunes,Alícuota Mensual,Condominio enero 2019,2019-01-01,2019-01-20,388.01,0.00,2019-02-04,0.00,388.01,34
387,335102,Ingresos Comunes,Alícuota Mensual,Condominio enero 2019,2019-01-01,2019-01-20,350.53,0.00,2019-01-18,0.00,350.53,17
387,335103,Ingresos Comunes,Alícuota Mensual,Condominio enero 2019,2019-01-01,2019-01-20,387.10,0.00,2019-02-14,0.00,387.10,44
387,335104,Ingresos Comunes,Alícuota Mensual,Condominio enero 2019,2019-01-01,2019-01-20,93.99,0.00,2019-01-29,0.00,93.99,28
387,335105,Ingresos Comunes,Alícuota Mensual,Condominio enero 2019,2019-01-01,2019-01-20,235.96,0.00,2019-02-13,0.00,235.96,43
387,335106,Ingresos Comunes,Alícuota Mensual,Condominio enero 2019,2019-01-01,2019-01-20,112.19,0.00,2019-01-23,0.00,112.19,22
387,335107,Ingresos Comunes,Alícuota Mensual,Condominio enero 2019,2019-01-01,2019-01-20,146.47,0.00,2019-01-02,0.00,146.47,1
387,335108,Ingresos Comunes,Alícuota Mensual,Condominio enero 2019,2019-01-01,2019-01-20,136.06,0.00,2019-04-19,0.00,136.06,108
387,335109,Ingresos Comunes,Alícuota Mensual,Condominio enero 2019,2019-01-01,2019-01-20,345.00,0.00,2019-01-19,0.00,345.00,18
387,335110,Ingresos Comunes,Alícuota Mensual,Condominio enero 2019,2019-01-01,2019-01-20,345.49,0.00,2019-02-19,0.00,345.49,49
387,335111,Ingresos Comunes,Alícuota Mensual,Condominio enero 2019,2019-01-01,2019-01-20,343.08,0.00,2019-10-14,0.00,686.16,286
387,335112,Ingresos Comunes,Alícuota Mensual,Condominio enero 2019,2019-01-01,2019-01-20,317.67,0.00,2019-02-09,0.00,317.67,39
387,335113,Ingresos Comunes,Alícuota Mensual,Condominio enero 2019,2019-01-01,2019-01-20,169.66,0.00,2019-02-04,0.00,169.66,34
387,335114,Ingresos Comunes,Alícuota Mensual,Condominio enero 2019,2019-01-01,2019-01-20,430.00,0.00,2019-01-16,0.00,430.00,15
453,349864,Ingresos Comunes,Alícuota Mensual,Expensa enero 2019,2019-01-01,2019-01-31,62.58,0.00,2019-01-09,0.00,62.58,8
453,349863,Ingresos Comunes,Alícuota Mensual,Expensa enero 2019,2019-01-01,2019-01-31,95.63,0.00,2019-02-04,0.00,95.63,34
453,349862,Ingresos Comunes,Alícuota Mensual,Expensa enero 2019,2019-01-01,2019-01-31,94.49,0.00,2019-01-28,0.00,94.49,27
453,349861,Ingresos Comunes,Alícuota Mensual,Expensa enero 2019,2019-01-01,2019-01-31,59.17,0.00,2019-03-11,0.00,59.17,69
453,349860,Ingresos Comunes,Alícuota Mensual,Expensa enero 2019,2019-01-01,2019-01-31,62.69,0.00,2019-01-24,0.00,62.69,23
453,349859,Ingresos Comunes,Alícuota Mensual,Expensa enero 2019,2019-01-01,2019-01-31,58.03,0.00,2019-03-12,0.00,58.03,70
453,349858,Ingresos Comunes,Alícuota Mensual,Expensa enero 2019,2019-01-01,2019-01-31,47.70,0.00,2019-04-01,0.00,47.70,90
453,349857,Ingresos Comunes,Alícuota Mensual,Expensa enero 2019,2019-01-01,2019-01-31,47.70,0.00,2019-01-10,0.00,47.70,9
453,349856,Ingresos Comunes,Alícuota Mensual,Expensa enero 2019,2019-01-01,2019-01-31,60.59,0.00,2019-01-08,0.00,60.59,7
453,349855,Ingresos Comunes,Alícuota Mensual,Expensa enero 2019,2019-01-01,2019-01-31,49.06,0.00,2019-01-17,0.00,49.06,16
453,349854,Ingresos Comunes,Alícuota Mensual,Expensa enero 2019,2019-01-01,2019-01-31,58.03,0.00,2019-03-28,0.00,106.21,86
453,349853,Ingresos Comunes,Alícuota Mensual,Expensa enero 2019,2019-01-01,2019-01-31,94.49,0.00,2019-01-07,0.00,94.49,6
453,349852,Ingresos Comunes,Alícuota Mensual,Expensa enero 2019,2019-01-01,2019-01-31,81.43,0.00,2019-01-15,0.00,81.43,14
453,349851,Ingresos Comunes,Alícuota Mensual,Expensa enero 2019,2019-01-01,2019-01-31,62.58,0.00,2019-01-04,0.00,62.58,3
453,349850,Ingresos Comunes,Alícuota Mensual,Expensa enero 2019,2019-01-01,2019-01-31,64.39,0.00,2019-02-09,0.00,64.39,39
453,349849,Ingresos Comunes,Alícuota Mensual,Expensa enero 2019,2019-01-01,2019-01-31,44.98,0.00,2019-03-11,0.00,44.98,69
293,335243,Ingresos Comunes,EXPENSAS MENSUALES,Expensas mes Enero 2019,2019-01-01,2019-01-31,199.71,0.00,2019-01-13,0.00,199.71,12
293,335244,Ingresos Comunes,EXPENSAS MENSUALES,EXPENSAS MES ENERO 2019,2019-01-01,2019-01-31,323.29,0.00,2019-02-11,0.00,323.29,41
293,335246,Ingresos Comunes,EXPENSAS MENSUALES,EXPENSAS MES DE ENERO 2019,2019-01-01,2019-01-31,325.22,0.00,2019-01-29,0.00,325.22,28
293,335247,Ingresos Comunes,EXPENSAS MENSUALES,EXPENSAS MES DE ENERO 2019,2019-01-01,2019-01-31,273.90,0.00,2019-01-03,0.00,273.90,2
293,335248,Ingresos Comunes,EXPENSAS MENSUALES,EXPENSAS MES DE ENERO 2019,2019-01-01,2019-01-31,360.18,0.00,2019-01-18,0.00,360.18,17
293,335249,Ingresos Comunes,EXPENSAS MENSUALES,EXPENSAS MES DE ENERO 2019,2019-01-01,2019-01-31,234.89,0.00,2019-01-25,0.00,234.89,24
293,335250,Ingresos Comunes,EXPENSAS MENSUALES,EXPENSAS MES DE ENERO 2019,2019-01-01,2019-01-31,572.50,0.00,2019-01-08,0.00,572.50,7
293,335251,Ingresos Comunes,EXPENSAS MENSUALES,EXPENSAS MES DE ENERO 2019,2019-01-01,2019-01-31,572.08,0.00,2019-02-04,0.00,572.08,34
293,335252,Ingresos Comunes,EXPENSAS MENSUALES,EXPENSAS MES DE ENERO 2019,2019-01-01,2019-01-31,925.59,0.00,2019-01-03,0.00,925.59,2
388,335253,Ingresos Comunes,Alícuota Mensual,Cuota correspondiente a Ene 19,2019-01-01,2019-01-10,368.50,0.00,2019-01-09,0.00,368.50,8
388,335254,Ingresos Comunes,Alícuota Mensual,Cuota correspondiente a Ene 19,2019-01-01,2019-01-10,367.11,0.00,2019-01-09,0.00,367.11,8
388,335255,Ingresos Comunes,Alícuota Mensual,Cuota correspondiente a Ene 19,2019-01-01,2019-01-10,378.12,0.00,2019-02-08,0.00,418.12,38
388,335256,Ingresos Comunes,Alícuota Mensual,Cuota correspondiente a Ene 19,2019-01-01,2019-01-10,356.31,0.00,2019-03-07,0.00,356.31,65
388,335257,Ingresos Comunes,Alícuota Mensual,Cuota correspondiente a Ene 19,2019-01-01,2019-01-10,302.91,0.00,2019-02-08,0.00,302.91,38
388,335258,Ingresos Comunes,Alícuota Mensual,Cuota correspondiente a Ene 19,2019-01-01,2019-01-10,184.49,0.00,2019-08-27,0.00,184.49,238
388,335259,Ingresos Comunes,Alícuota Mensual,Cuota correspondiente a Ene 19,2019-01-01,2019-01-10,153.59,0.00,2019-01-16,0.00,153.59,15
388,335260,Ingresos Comunes,Alícuota Mensual,Cuota correspondiente a Ene 19,2019-01-01,2019-01-10,315.87,0.00,2019-01-24,0.00,315.87,23
388,335261,Ingresos Comunes,Alícuota Mensual,Cuota correspondiente a Ene 19,2019-01-01,2019-01-10,323.43,0.00,2019-02-07,0.00,323.43,37
388,335262,Ingresos Comunes,Alícuota Mensual,Cuota correspondiente a Ene 19,2019-01-01,2019-01-10,431.01,0.00,2019-01-25,0.00,431.01,24
388,335263,Ingresos Comunes,Alícuota Mensual,Cuota correspondiente a Ene 19,2019-01-01,2019-01-10,441.21,0.00,2019-01-25,0.00,441.21,24
453,349848,Ingresos Comunes,Alícuota Mensual,Expensa enero 2019,2019-01-01,2019-01-31,47.70,0.00,2019-01-30,0.00,47.70,29
453,349847,Ingresos Comunes,Alícuota Mensual,Expensa enero 2019,2019-01-01,2019-01-31,63.31,0.00,2019-02-18,0.00,63.31,48
453,349846,Ingresos Comunes,Alícuota Mensual,Expensa enero 2019,2019-01-01,2019-01-31,44.98,0.00,2019-01-30,0.00,44.98,29
453,349845,Ingresos Comunes,Alícuota Mensual,Expensa enero 2019,2019-01-01,2019-01-31,49.06,0.00,2019-03-27,0.00,49.06,85
453,349844,Ingresos Comunes,Alícuota Mensual,Expensa enero 2019,2019-01-01,2019-01-31,59.17,0.00,2019-03-26,0.00,59.17,84
453,349843,Ingresos Comunes,Alícuota Mensual,Expensa enero 2019,2019-01-01,2019-01-31,146.51,0.00,2019-01-08,0.00,146.51,7
453,349842,Ingresos Comunes,Alícuota Mensual,Expensa enero 2019,2019-01-01,2019-01-31,111.30,0.00,2019-03-27,0.00,111.30,85
453,349841,Ingresos Comunes,Alícuota Mensual,Expensa enero 2019,2019-01-01,2019-01-31,54.16,0.00,2019-01-03,0.00,54.16,2
453,349840,Ingresos Comunes,Alícuota Mensual,Expensa enero 2019,2019-01-01,2019-01-31,63.25,0.00,2019-03-26,0.00,63.25,84
453,349839,Ingresos Comunes,Alícuota Mensual,Expensa enero 2019,2019-01-01,2019-01-31,44.98,0.00,2019-01-03,0.00,44.98,2
453,349838,Ingresos Comunes,Alícuota Mensual,Expensa saldo enero 2019,2019-01-01,2019-01-31,32.60,0.00,2019-02-11,0.00,80.30,41
265,320141,Ingresos Comunes,Alícuotas mensuales,ALÍCUOTA ENERO 2019,2019-01-01,2019-01-31,50.00,0.00,2019-01-29,0.00,50.00,28
347,323943,Ingresos Comunes,Alícuota Mensual,ALÍCUOTA ENERO/2019,2019-01-01,2019-01-05,20.00,20.00,,0,0,
265,320142,Ingresos Comunes,Alícuotas mensuales,ALÍCUOTA ENERO 2019,2019-01-01,2019-01-31,50.00,0.00,2019-01-04,0.00,50.00,3
265,320143,Ingresos Comunes,Alícuotas mensuales,ALÍCUOTA ENERO 2019,2019-01-01,2019-01-31,52.00,0.00,2025-01-13,0.00,52.00,2204
265,320144,Ingresos Comunes,Alícuotas mensuales,ALÍCUOTA ENERO 2019,2019-01-01,2019-01-31,102.00,0.00,2019-02-04,0.00,102.00,34
265,320145,Ingresos Comunes,Alícuotas mensuales,ALÍCUOTA ENERO 2019,2019-01-01,2019-01-31,58.00,0.00,2019-01-11,0.00,58.00,10
311,319433,Ingresos Comunes,Alícuota Mensual,ALÍCUOTA MENSUAL ENERO 2019 ,2019-01-01,2019-01-31,98.70,0.00,2019-01-07,0.00,98.70,6
311,319434,Ingresos Comunes,Alícuota Mensual,ALÍCUOTA MENSUAL ENERO 2019 ,2019-01-01,2019-01-31,255.59,0.00,2019-01-23,0.00,255.59,22
311,319435,Ingresos Comunes,Alícuota Mensual,ALÍCUOTA MENSUAL ENERO 2019 ,2019-01-01,2019-01-31,282.99,0.00,2019-01-23,0.00,282.99,22
311,319436,Ingresos Comunes,Alícuota Mensual,ALÍCUOTA MENSUAL ENERO 2019 ,2019-01-01,2019-01-31,221.82,0.00,2019-01-28,0.00,221.82,27
311,319437,Ingresos Comunes,Alícuota Mensual,ALÍCUOTA MENSUAL ENERO 2019 ,2019-01-01,2019-01-31,189.44,0.00,2019-02-25,0.00,189.44,55
311,319438,Ingresos Comunes,Cuota por Seguro,SEGURO ,2019-01-01,2019-01-31,6.79,0.00,2019-01-31,0.00,6.79,30
311,319439,Ingresos Comunes,Cuota por Seguro,SEGURO ,2019-01-01,2019-01-31,7.22,0.00,2019-01-07,0.00,7.22,6
211,325835,Ingresos Comunes,Consumo de Agua,Consumo de agua del mes de Diciembre del 2018.,2019-01-01,2019-01-15,11.51,0.00,2019-01-23,0.00,11.51,22
211,325834,Ingresos Comunes,Consumo de Agua,Consumo de agua del mes de Diciembre del 2018.,2019-01-01,2019-01-15,6.58,0.00,2019-01-24,0.00,6.58,23
211,325833,Ingresos Comunes,Consumo de Agua,Consumo de agua del mes de Diciembre del 2018.,2019-01-01,2019-01-15,6.61,0.00,2019-03-08,0.00,6.61,66
311,319440,Ingresos Comunes,Cuota por Seguro,SEGURO ,2019-01-01,2019-01-31,8.49,0.00,2019-02-13,0.00,8.49,43
311,319441,Ingresos Comunes,Cuota por Seguro,SEGURO ,2019-01-01,2019-01-31,12.73,0.00,2019-02-25,0.00,12.73,55
311,319442,Ingresos Comunes,Cuota por Seguro,SEGURO ,2019-01-01,2019-01-31,8.91,0.00,2019-01-10,0.00,8.91,9
311,319443,Ingresos Comunes,Cuota por Seguro,SEGURO ,2019-01-01,2019-01-31,7.22,0.00,2019-01-29,0.00,14.44,28
311,319444,Ingresos Comunes,Cuota por Seguro,SEGURO ,2019-01-01,2019-01-31,8.06,0.00,2019-01-07,0.00,8.06,6
311,319445,Ingresos Comunes,Cuota por Seguro,SEGURO ,2019-01-01,2019-01-31,9.34,0.00,2019-01-10,0.00,9.34,9
311,319446,Ingresos Comunes,Cuota por Seguro,SEGURO ,2019-01-01,2019-01-31,9.34,0.00,2019-01-18,0.00,9.34,17
311,319447,Ingresos Comunes,Cuota por Seguro,SEGURO ,2019-01-01,2019-01-31,6.79,0.00,2019-02-04,0.00,6.79,34
311,319448,Ingresos Comunes,Cuota por Seguro,SEGURO ,2019-01-01,2019-01-31,8.06,0.00,2019-02-04,0.00,8.06,34
311,319449,Ingresos Comunes,Cuota por Seguro,SEGURO ,2019-01-01,2019-01-31,8.91,0.00,2019-01-08,0.00,8.91,7
311,319450,Ingresos Comunes,Cuota por Seguro,SEGURO ,2019-01-01,2019-01-31,6.37,0.00,2019-01-02,0.00,6.37,1
311,319451,Ingresos Comunes,Cuota por Seguro,SEGURO ,2019-01-01,2019-01-31,7.64,0.00,2019-01-15,0.00,7.64,14
311,319452,Ingresos Comunes,Cuota por Seguro,SEGURO ,2019-01-01,2019-01-31,9.34,0.00,2019-04-15,0.00,9.34,104
311,319453,Ingresos Comunes,Cuota por Seguro,SEGURO ,2019-01-01,2019-01-31,9.76,0.00,2019-01-03,0.00,9.76,2
311,319454,Ingresos Comunes,Cuota por Seguro,SEGURO ,2019-01-01,2019-01-31,6.79,0.00,2019-01-07,0.00,6.79,6
311,319455,Ingresos Comunes,Cuota por Seguro,SEGURO ,2019-01-01,2019-01-31,3.82,0.00,2019-01-08,0.00,3.82,7
311,319456,Ingresos Comunes,Cuota por Seguro,SEGURO ,2019-01-01,2019-01-31,8.06,0.00,2019-01-07,0.00,8.06,6
311,319457,Ingresos Comunes,Cuota por Seguro,SEGURO ,2019-01-01,2019-01-31,8.91,0.00,2019-01-07,0.00,8.91,6
311,319458,Ingresos Comunes,Cuota por Seguro,SEGURO ,2019-01-01,2019-01-31,7.22,0.00,2019-01-10,0.00,7.22,9
311,319459,Ingresos Comunes,Cuota por Seguro,SEGURO ,2019-01-01,2019-01-31,8.91,0.00,2019-01-03,0.00,8.91,2
217,383295,Ingresos Comunes,Cuotas Condominios Enero 2019,ALÍCUOTAS ENERO 2019,2019-01-01,2019-01-31,80.00,0.00,2019-07-24,0.00,400.00,204
217,383290,Ingresos Comunes,Cuotas Condominios Enero 2019,ALÍCUOTA MES DE ENERO 2019,2019-01-01,2019-01-31,80.00,0.00,2019-07-24,0.00,240.00,204
311,319460,Ingresos Comunes,Cuota por Seguro,SEGURO ,2019-01-01,2019-01-31,8.91,0.00,2019-01-03,0.00,8.91,2
217,383285,Ingresos Comunes,Cuotas Condominios Enero 2019,ALÍCUOTAS ENERO 2019,2019-01-01,2019-01-31,80.00,0.00,2019-07-24,0.00,240.00,204
311,319461,Ingresos Comunes,Cuota por Seguro,SEGURO ,2019-01-01,2019-01-31,9.76,0.00,2019-03-06,0.00,9.76,64
217,383279,Ingresos Comunes,Cuotas Condominios Enero 2019,ALÍCUOTA ENERO 2019,2019-01-01,2019-01-31,80.00,0.00,2019-07-24,0.00,400.00,204
311,319462,Ingresos Comunes,Cuota por Seguro,SEGURO ,2019-01-01,2019-01-31,7.22,0.00,2019-01-08,0.00,7.22,7
217,383267,Ingresos Comunes,Cuotas Condominios Enero 2019,Alícuota mes de enero 2019,2019-01-01,2019-01-31,80.00,0.00,2019-05-13,0.00,160.00,132
311,319463,Ingresos Comunes,Cuota por Seguro,SEGURO ,2019-01-01,2019-01-31,3.82,0.00,2019-01-03,0.00,3.82,2
217,383261,Ingresos Comunes,Cuotas Condominios Enero 2019,Alícuota mes enero 2019,2019-01-01,2019-01-31,80.00,0.00,2019-05-13,0.00,160.00,132
270,383244,Ingresos Comunes,Alícuotas mensuales,Alícuota mes de Enero 2019 ,2019-01-01,2019-03-31,75.00,0.00,2019-04-04,0.00,75.00,93
311,319464,Ingresos Comunes,Cuota por Seguro,SEGURO ,2019-01-01,2019-01-31,8.06,0.00,2019-01-15,0.00,8.06,14
311,319465,Ingresos Comunes,Cuota por Seguro,SEGURO ,2019-01-01,2019-01-31,11.04,0.00,2019-01-14,0.00,11.04,13
311,319466,Ingresos Comunes,Cuota por Seguro,SEGURO ,2019-01-01,2019-01-31,9.34,0.00,2019-01-02,0.00,9.34,1
311,319467,Ingresos Comunes,Cuota por Seguro,SEGURO ,2019-01-01,2019-01-31,12.31,0.00,2019-01-17,0.00,12.31,16
311,319468,Ingresos Comunes,Cuota por Seguro,SEGURO ,2019-01-01,2019-01-31,12.31,0.00,2019-01-23,0.00,12.31,22
311,319469,Ingresos Comunes,Cuota por Seguro,SEGURO ,2019-01-01,2019-01-31,10.19,0.00,2019-01-15,0.00,10.19,14
311,319470,Ingresos Comunes,Cuota por Seguro,SEGURO ,2019-01-01,2019-01-31,11.88,0.00,2019-04-03,0.00,11.88,92
311,319471,Ingresos Comunes,Cuota por Seguro,SEGURO ,2019-01-01,2019-01-31,10.61,0.00,2019-01-10,0.00,10.61,9
311,319472,Ingresos Comunes,Cuota por Seguro,SEGURO ,2019-01-01,2019-01-31,10.61,0.00,2019-02-14,0.00,10.61,44
311,319473,Ingresos Comunes,Cuota por Seguro,SEGURO ,2019-01-01,2019-01-31,11.04,0.00,2019-01-10,0.00,11.04,9
311,319474,Ingresos Comunes,Cuota por Seguro,SEGURO ,2019-01-01,2019-01-31,10.19,0.00,2019-01-07,0.00,10.19,6
311,319475,Ingresos Comunes,Cuota por Seguro,SEGURO ,2019-01-01,2019-01-31,26.74,0.00,2019-01-23,0.00,26.74,22
311,319476,Ingresos Comunes,Cuota por Seguro,SEGURO ,2019-01-01,2019-01-31,29.29,0.00,2019-01-23,0.00,29.29,22
311,319477,Ingresos Comunes,Cuota por Seguro,SEGURO ,2019-01-01,2019-01-31,17.40,0.00,2019-01-28,0.00,17.40,27
311,319478,Ingresos Comunes,Cuota por Seguro,SEGURO ,2019-01-01,2019-01-31,23.05,0.00,2019-02-25,0.00,23.05,55
311,319479,Ingresos Comunes,Consumo de Agua,CONSUMO DE AGUA CALIENTE ,2019-01-01,2019-01-31,3.30,0.00,2019-01-31,0.00,3.30,30
311,319481,Ingresos Comunes,Consumo de Agua,CONSUMO DE AGUA CALIENTE ,2019-01-01,2019-01-31,15.40,0.00,2019-02-13,0.00,15.40,43
311,319482,Ingresos Comunes,Consumo de Agua,CONSUMO DE AGUA CALIENTE ,2019-01-01,2019-01-31,12.10,0.00,2019-02-25,0.00,12.10,55
311,319483,Ingresos Comunes,Consumo de Agua,CONSUMO DE AGUA CALIENTE ,2019-01-01,2019-01-31,3.30,0.00,2019-01-10,0.00,3.30,9
311,319484,Ingresos Comunes,Consumo de Agua,CONSUMO DE AGUA CALIENTE ,2019-01-01,2019-01-31,4.40,0.00,2019-01-29,0.00,8.80,28
311,319485,Ingresos Comunes,Consumo de Agua,CONSUMO DE AGUA CALIENTE ,2019-01-01,2019-01-31,7.70,0.00,2019-01-07,0.00,7.70,6
311,319486,Ingresos Comunes,Consumo de Agua,CONSUMO DE AGUA CALIENTE ,2019-01-01,2019-01-31,3.30,0.00,2019-01-10,0.00,3.30,9
311,319487,Ingresos Comunes,Consumo de Agua,CONSUMO DE AGUA CALIENTE ,2019-01-01,2019-01-31,3.30,0.00,2019-01-18,0.00,3.30,17
311,319488,Ingresos Comunes,Consumo de Agua,CONSUMO DE AGUA CALIENTE ,2019-01-01,2019-01-31,4.40,0.00,2019-02-04,0.00,4.40,34
311,319490,Ingresos Comunes,Consumo de Agua,CONSUMO DE AGUA CALIENTE ,2019-01-01,2019-01-31,5.50,0.00,2019-01-08,0.00,5.50,7
311,319491,Ingresos Comunes,Consumo de Agua,CONSUMO DE AGUA CALIENTE ,2019-01-01,2019-01-31,6.60,0.00,2019-01-02,0.00,6.60,1
311,319492,Ingresos Comunes,Consumo de Agua,CONSUMO DE AGUA CALIENTE ,2019-01-01,2019-01-31,4.40,0.00,2019-01-15,0.00,4.40,14
311,319493,Ingresos Comunes,Consumo de Agua,CONSUMO DE AGUA CALIENTE ,2019-01-01,2019-01-31,3.30,0.00,2019-04-15,0.00,3.30,104
311,319494,Ingresos Comunes,Consumo de Agua,CONSUMO DE AGUA CALIENTE ,2019-01-01,2019-01-31,6.60,0.00,2019-01-03,0.00,6.60,2
311,319495,Ingresos Comunes,Consumo de Agua,CONSUMO DE AGUA CALIENTE ,2019-01-01,2019-01-31,4.40,0.00,2019-01-07,0.00,4.40,6
311,319496,Ingresos Comunes,Consumo de Agua,CONSUMO DE AGUA CALIENTE ,2019-01-01,2019-01-31,1.10,0.00,2019-01-08,0.00,1.10,7
311,319497,Ingresos Comunes,Consumo de Agua,CONSUMO DE AGUA CALIENTE ,2019-01-01,2019-01-31,3.30,0.00,2019-01-07,0.00,3.30,6
311,319498,Ingresos Comunes,Consumo de Agua,CONSUMO DE AGUA CALIENTE ,2019-01-01,2019-01-31,2.20,0.00,2019-01-07,0.00,2.20,6
311,319499,Ingresos Comunes,Consumo de Agua,CONSUMO DE AGUA CALIENTE ,2019-01-01,2019-01-31,3.30,0.00,2019-01-10,0.00,3.30,9
311,319500,Ingresos Comunes,Consumo de Agua,CONSUMO DE AGUA CALIENTE ,2019-01-01,2019-01-31,3.30,0.00,2019-01-03,0.00,3.30,2
311,319501,Ingresos Comunes,Consumo de Agua,CONSUMO DE AGUA CALIENTE ,2019-01-01,2019-01-31,2.20,0.00,2019-01-03,0.00,2.20,2
311,319502,Ingresos Comunes,Consumo de Agua,CONSUMO DE AGUA CALIENTE ,2019-01-01,2019-01-31,2.20,0.00,2019-03-06,0.00,2.20,64
311,319503,Ingresos Comunes,Consumo de Agua,CONSUMO DE AGUA CALIENTE ,2019-01-01,2019-01-31,5.50,0.00,2019-01-08,0.00,5.50,7
311,319504,Ingresos Comunes,Consumo de Agua,CONSUMO DE AGUA CALIENTE ,2019-01-01,2019-01-31,1.10,0.00,2019-01-03,0.00,1.10,2
311,319506,Ingresos Comunes,Consumo de Agua,CONSUMO DE AGUA CALIENTE ,2019-01-01,2019-01-31,3.30,0.00,2019-01-14,0.00,3.30,13
311,319507,Ingresos Comunes,Consumo de Agua,CONSUMO DE AGUA CALIENTE ,2019-01-01,2019-01-31,9.90,0.00,2019-03-06,0.00,9.90,64
168,325832,Ingresos Comunes,Alicuotas mensuales,Cuota de Condominio de Enero 2019,2019-01-01,2019-01-10,217.54,0.00,2019-06-24,0.00,435.08,174
168,325831,Ingresos Comunes,Alicuotas mensuales,Cuota de Condominio de Enero 2019,2019-01-01,2019-01-10,144.82,0.00,2019-03-11,0.00,144.82,69
311,319509,Ingresos Comunes,Consumo de Agua,CONSUMO DE AGUA CALIENTE ,2019-01-01,2019-01-31,12.10,0.00,2019-01-23,0.00,12.10,22
311,319510,Ingresos Comunes,Consumo de Agua,CONSUMO DE AGUA CALIENTE ,2019-01-01,2019-01-31,2.20,0.00,2019-01-15,0.00,2.20,14
311,319511,Ingresos Comunes,Consumo de Agua,CONSUMO DE AGUA CALIENTE ,2019-01-01,2019-01-31,8.80,0.00,2019-04-03,0.00,8.80,92
311,319513,Ingresos Comunes,Consumo de Agua,CONSUMO DE AGUA CALIENTE ,2019-01-01,2019-01-31,5.50,0.00,2019-02-14,0.00,5.50,44
311,319514,Ingresos Comunes,Consumo de Agua,CONSUMO DE AGUA CALIENTE ,2019-01-01,2019-01-31,6.60,0.00,2019-01-10,0.00,6.60,9
72,361197,Ingresos Comunes,Seguro del edificio,Seguro enero 2019,2019-01-01,2019-01-15,16.58,0.00,2019-04-17,0.00,16.58,106
311,319516,Ingresos Comunes,Consumo de Agua,CONSUMO DE AGUA CALIENTE ,2019-01-01,2019-01-31,5.50,0.00,2019-01-23,0.00,5.50,22
311,319517,Ingresos Comunes,Consumo de Agua,CONSUMO DE AGUA CALIENTE ,2019-01-01,2019-01-31,7.70,0.00,2019-01-23,0.00,7.70,22
311,319518,Ingresos Comunes,Consumo de Gas (Cocina-Secadora),CONSUMO DE GAS (COCINA-SECADORA) ,2019-01-01,2019-01-31,0.05,0.00,2019-01-31,0.00,0.05,30
311,319519,Ingresos Comunes,Consumo de Gas (Cocina-Secadora),CONSUMO DE GAS (COCINA-SECADORA) ,2019-01-01,2019-01-31,0.02,0.00,2019-01-07,0.00,0.02,6
311,319520,Ingresos Comunes,Consumo de Gas (Cocina-Secadora),CONSUMO DE GAS (COCINA-SECADORA) ,2019-01-01,2019-01-31,1.60,0.00,2019-02-13,0.00,1.60,43
311,319521,Ingresos Comunes,Consumo de Gas (Cocina-Secadora),CONSUMO DE GAS (COCINA-SECADORA) ,2019-01-01,2019-01-31,2.79,0.00,2019-02-25,0.00,2.79,55
311,319522,Ingresos Comunes,Consumo de Gas (Cocina-Secadora),CONSUMO DE GAS (COCINA-SECADORA) ,2019-01-01,2019-01-31,0.38,0.00,2019-01-10,0.00,0.38,9
311,319524,Ingresos Comunes,Consumo de Gas (Cocina-Secadora),CONSUMO DE GAS (COCINA-SECADORA) ,2019-01-01,2019-01-31,2.73,0.00,2019-01-07,0.00,2.73,6
311,319525,Ingresos Comunes,Consumo de Gas (Cocina-Secadora),CONSUMO DE GAS (COCINA-SECADORA) ,2019-01-01,2019-01-31,1.11,0.00,2019-01-10,0.00,1.11,9
311,319526,Ingresos Comunes,Consumo de Gas (Cocina-Secadora),CONSUMO DE GAS (COCINA-SECADORA) ,2019-01-01,2019-01-31,0.59,0.00,2019-02-04,0.00,0.59,34
311,319527,Ingresos Comunes,Consumo de Gas (Cocina-Secadora),CONSUMO DE GAS (COCINA-SECADORA) ,2019-01-01,2019-01-31,1.37,0.00,2019-02-04,0.00,1.37,34
311,319528,Ingresos Comunes,Consumo de Gas (Cocina-Secadora),CONSUMO DE GAS (COCINA-SECADORA) ,2019-01-01,2019-01-31,0.09,0.00,2019-02-04,0.00,0.09,34
311,319529,Ingresos Comunes,Consumo de Gas (Cocina-Secadora),CONSUMO DE GAS (COCINA-SECADORA) ,2019-01-01,2019-01-31,0.78,0.00,2019-01-08,0.00,0.78,7
311,319530,Ingresos Comunes,Consumo de Gas (Cocina-Secadora),CONSUMO DE GAS (COCINA-SECADORA) ,2019-01-01,2019-01-31,0.32,0.00,2019-01-02,0.00,0.32,1
311,319531,Ingresos Comunes,Consumo de Gas (Cocina-Secadora),CONSUMO DE GAS (COCINA-SECADORA) ,2019-01-01,2019-01-31,1.27,0.00,2019-01-15,0.00,1.27,14
271,330567,Ingresos Comunes,Alícuota mensual,Alícuota mes de Enero 2019,2019-01-01,2019-01-15,285.00,0.00,2019-02-05,0.00,285.00,35
271,330569,Ingresos Comunes,Alícuota mensual,Alícuota mes de Enero 2019,2019-01-01,2019-01-15,100.00,0.00,2019-01-29,0.00,100.00,28
271,330571,Ingresos Comunes,Alícuota mensual,Alícuota mes de Enero 2019,2019-01-01,2019-01-15,285.00,0.00,2019-01-31,0.00,285.00,30
271,330572,Ingresos Comunes,Alícuota mensual,Alícuota mes de Enero 2019,2019-01-01,2019-01-15,285.00,0.00,2019-04-01,0.00,285.00,90
271,330573,Ingresos Comunes,Alícuota mensual,Alícuota mes de Enero 2019,2019-01-01,2019-01-15,100.00,0.00,2019-01-23,0.00,100.00,22
271,330574,Ingresos Comunes,Alícuota mensual,Alícuota mes de Enero 2019,2019-01-01,2019-01-15,100.00,0.00,2019-01-10,0.00,100.00,9
271,330575,Ingresos Comunes,Alícuota mensual,Alícuota mes de Enero 2019,2019-01-01,2019-01-15,285.00,0.00,2019-01-29,0.00,285.00,28
271,330576,Ingresos Comunes,Alícuota mensual,Alícuota mes de Enero 2019,2019-01-01,2019-01-15,285.00,0.00,2019-02-04,0.00,285.00,34
271,330577,Ingresos Comunes,Alícuota mensual,Alícuota mes de Enero 2019,2019-01-01,2019-01-15,285.00,0.00,2019-01-28,0.00,285.00,27
271,330578,Ingresos Comunes,Alícuota mensual,Alícuota mes de Enero 2019,2019-01-01,2019-01-15,185.00,0.00,2019-01-30,0.00,185.00,29
271,330579,Ingresos Comunes,Alícuota mensual,Alícuota mes de Enero 2019,2019-01-01,2019-01-15,285.00,0.00,2019-06-13,0.00,285.00,163
271,330580,Ingresos Comunes,Alícuota mensual,Alícuota mes de Enero 2019,2019-01-01,2019-01-15,285.00,0.00,2019-02-11,0.00,285.00,41
271,330581,Ingresos Comunes,Alícuota mensual,Alícuota mes de Enero 2019,2019-01-01,2019-01-15,285.00,0.00,2019-01-31,0.00,285.00,30
271,330582,Ingresos Comunes,Alícuota mensual,Alícuota mes de Enero 2019,2019-01-01,2019-01-15,285.00,0.00,2019-01-31,0.00,285.00,30
271,330583,Ingresos Comunes,Alícuota mensual,Alícuota mes de Enero 2019,2019-01-01,2019-01-15,285.00,0.00,2019-01-07,0.00,285.00,6
271,330584,Ingresos Comunes,Alícuota mensual,Alícuota mes de Enero 2019,2019-01-01,2019-01-15,100.00,0.00,2019-01-07,0.00,100.00,6
271,330585,Ingresos Comunes,Alícuota mensual,Alícuota mes de Enero 2019,2019-01-01,2019-01-15,285.00,0.00,2019-01-10,0.00,285.00,9
271,330586,Ingresos Comunes,Alícuota mensual,Alícuota mes de Enero 2019,2019-01-01,2019-01-15,285.00,0.00,2019-01-04,0.00,285.00,3
271,330587,Ingresos Comunes,Alícuota mensual,Alícuota mes de Enero 2019,2019-01-01,2019-01-15,285.00,0.00,2019-01-28,0.00,285.00,27
271,330588,Ingresos Comunes,Alícuota mensual,Alícuota mes de Enero 2019,2019-01-01,2019-01-15,185.00,0.00,2019-02-12,0.00,185.00,42
271,330590,Ingresos Comunes,Alícuota mensual,Alícuota mes de Enero 2019,2019-01-01,2019-01-15,285.00,0.00,2019-01-09,0.00,285.00,8
271,330591,Ingresos Comunes,Alícuota mensual,Alícuota mes de Enero 2019,2019-01-01,2019-01-15,285.00,0.00,2019-01-07,0.00,285.00,6
271,330592,Ingresos Comunes,Alícuota mensual,Alícuota mes de Enero 2019,2019-01-01,2019-01-15,285.00,0.00,2019-01-08,0.00,285.00,7
271,330601,Ingresos Comunes,Alícuota mensual,Alícuota mes de Enero 2019,2019-01-01,2019-01-15,30.00,0.00,2019-01-28,0.00,30.00,27
287,330621,Ingresos Comunes,Otro tipo de ingresos,"Reposición daño pared, sala comunal",2019-01-01,2019-01-31,10.00,0.00,2019-01-07,0.00,10.00,6
172,330622,Ingresos Comunes,Acceso Electrónico,TARJETA DE ACCESO ELECTRÓNICO,2019-01-01,2019-01-31,8.00,0.00,2019-03-01,0.00,8.00,59
311,319532,Ingresos Comunes,Consumo de Gas (Cocina-Secadora),CONSUMO DE GAS (COCINA-SECADORA) ,2019-01-01,2019-01-31,1.40,0.00,2019-04-15,0.00,1.40,104
173,330673,Ingresos Comunes,ALICUOTAS MENSUALES,ALÍCUOTA ENERO 2019,2019-01-01,2019-01-01,110.94,0.00,2019-01-15,0.00,110.94,14
173,330674,Ingresos Comunes,ALICUOTAS MENSUALES,ALÍCUOTA ENERO 2019,2019-01-01,2019-01-01,436.86,0.00,2019-01-11,0.00,436.86,10
173,330675,Ingresos Comunes,ALICUOTAS MENSUALES,ALÍCUOTA ENERO 2019,2019-01-01,2019-01-01,170.52,0.00,2019-01-15,0.00,170.52,14
311,319533,Ingresos Comunes,Consumo de Gas (Cocina-Secadora),CONSUMO DE GAS (COCINA-SECADORA) ,2019-01-01,2019-01-31,1.38,0.00,2019-01-03,0.00,1.38,2
311,319534,Ingresos Comunes,Consumo de Gas (Cocina-Secadora),CONSUMO DE GAS (COCINA-SECADORA) ,2019-01-01,2019-01-31,0.10,0.00,2019-01-07,0.00,0.10,6
311,319535,Ingresos Comunes,Consumo de Gas (Cocina-Secadora),CONSUMO DE GAS (COCINA-SECADORA) ,2019-01-01,2019-01-31,1.81,0.00,2019-01-08,0.00,1.81,7
311,319536,Ingresos Comunes,Consumo de Gas (Cocina-Secadora),CONSUMO DE GAS (COCINA-SECADORA) ,2019-01-01,2019-01-31,2.15,0.00,2019-01-07,0.00,2.15,6
311,319538,Ingresos Comunes,Consumo de Gas (Cocina-Secadora),CONSUMO DE GAS (COCINA-SECADORA) ,2019-01-01,2019-01-31,2.04,0.00,2019-01-10,0.00,2.04,9
311,319539,Ingresos Comunes,Consumo de Gas (Cocina-Secadora),CONSUMO DE GAS (COCINA-SECADORA) ,2019-01-01,2019-01-31,1.14,0.00,2019-01-03,0.00,1.14,2
311,319540,Ingresos Comunes,Consumo de Gas (Cocina-Secadora),CONSUMO DE GAS (COCINA-SECADORA) ,2019-01-01,2019-01-31,2.18,0.00,2019-01-03,0.00,2.18,2
311,319541,Ingresos Comunes,Consumo de Gas (Cocina-Secadora),CONSUMO DE GAS (COCINA-SECADORA) ,2019-01-01,2019-01-31,0.65,0.00,2019-03-06,0.00,0.65,64
311,319542,Ingresos Comunes,Consumo de Gas (Cocina-Secadora),CONSUMO DE GAS (COCINA-SECADORA) ,2019-01-01,2019-01-31,1.29,0.00,2019-01-08,0.00,1.29,7
311,319543,Ingresos Comunes,Consumo de Gas (Cocina-Secadora),CONSUMO DE GAS (COCINA-SECADORA) ,2019-01-01,2019-01-31,0.10,0.00,2019-01-03,0.00,0.10,2
311,319545,Ingresos Comunes,Consumo de Gas (Cocina-Secadora),CONSUMO DE GAS (COCINA-SECADORA) ,2019-01-01,2019-01-31,0.99,0.00,2019-01-14,0.00,0.99,13
311,319546,Ingresos Comunes,Consumo de Gas (Cocina-Secadora),CONSUMO DE GAS (COCINA-SECADORA) ,2019-01-01,2019-01-31,1.80,0.00,2019-03-06,0.00,1.80,64
311,319548,Ingresos Comunes,Consumo de Gas (Cocina-Secadora),CONSUMO DE GAS (COCINA-SECADORA) ,2019-01-01,2019-01-31,3.37,0.00,2019-01-23,0.00,3.37,22
311,319549,Ingresos Comunes,Consumo de Gas (Cocina-Secadora),CONSUMO DE GAS (COCINA-SECADORA) ,2019-01-01,2019-01-31,0.47,0.00,2019-01-15,0.00,0.47,14
311,319550,Ingresos Comunes,Consumo de Gas (Cocina-Secadora),CONSUMO DE GAS (COCINA-SECADORA) ,2019-01-01,2019-01-31,3.92,0.00,2019-04-03,0.00,3.92,92
311,319552,Ingresos Comunes,Consumo de Gas (Cocina-Secadora),CONSUMO DE GAS (COCINA-SECADORA) ,2019-01-01,2019-01-31,1.15,0.00,2019-02-14,0.00,1.15,44
311,319553,Ingresos Comunes,Consumo de Gas (Cocina-Secadora),CONSUMO DE GAS (COCINA-SECADORA) ,2019-01-01,2019-01-31,1.06,0.00,2019-01-10,0.00,1.06,9
311,319555,Ingresos Comunes,Consumo de Gas (Cocina-Secadora),CONSUMO DE GAS (COCINA-SECADORA) ,2019-01-01,2019-01-31,0.21,0.00,2019-01-23,0.00,0.21,22
311,319556,Ingresos Comunes,Consumo de Gas (Cocina-Secadora),CONSUMO DE GAS (COCINA-SECADORA) ,2019-01-01,2019-01-31,1.05,0.00,2019-01-23,0.00,1.05,22
334,319779,Ingresos Comunes,Alícuota Mensual,Expensas Ordinarias Enero del 2019,2019-01-01,2019-01-10,184.45,0.00,2019-03-01,0.00,184.45,59
334,319780,Ingresos Comunes,Alícuota Mensual,Expensas Ordinarias Enero del 2019,2019-01-01,2019-01-10,167.73,0.00,2019-01-08,0.00,167.73,7
334,319781,Ingresos Comunes,Alícuota Mensual,Expensas Ordinarias Enero del 2019,2019-01-01,2019-01-10,184.51,0.00,2019-01-31,0.00,184.51,30
334,319782,Ingresos Comunes,Alícuota Mensual,Expensas Ordinarias Enero del 2019,2019-01-01,2019-01-10,167.82,0.00,2019-01-15,0.00,167.82,14
334,319783,Ingresos Comunes,Alícuota Mensual,Expensas Ordinarias Enero del 2019,2019-01-01,2019-01-10,184.61,0.00,2019-01-11,0.00,184.61,10
334,319784,Ingresos Comunes,Alícuota Mensual,Expensas Ordinarias Enero del 2019,2019-01-01,2019-01-10,167.87,0.00,2019-01-07,0.00,167.87,6
334,319785,Ingresos Comunes,Alícuota Mensual,Expensas Ordinarias Enero del 2019,2019-01-01,2019-01-10,184.62,0.00,2019-01-14,0.00,184.62,13
334,319786,Ingresos Comunes,Alícuota Mensual,Expensas Ordinarias Enero del 2019,2019-01-01,2019-01-10,167.93,0.00,2019-01-14,0.00,167.93,13
334,319787,Ingresos Comunes,Alícuota Mensual,Expensas Ordinarias Enero del 2019,2019-01-01,2019-01-10,184.72,0.00,2019-01-03,0.00,184.72,2
265,320130,Ingresos Comunes,Alícuotas mensuales,ALÍCUOTA ENERO 2019,2019-01-01,2019-01-31,41.00,0.00,2019-01-08,0.00,41.00,7
265,320131,Ingresos Comunes,Alícuotas mensuales,ALÍCUOTA ENERO 2019,2019-01-01,2019-01-31,41.00,0.00,2019-02-04,0.00,41.00,34
265,320132,Ingresos Comunes,Alícuotas mensuales,ALÍCUOTA ENERO 2019,2019-01-01,2019-01-31,41.00,0.00,2019-01-30,4.92,36.08,29
334,319788,Ingresos Comunes,Alícuota Mensual,Expensas Ordinarias Enero del 2019,2019-01-01,2019-01-10,168.04,0.00,2019-01-16,0.00,168.04,15
474,382008,Ingresos Comunes,Alícuota Mensual,ALÍCUOTA ENERO 2019 ,2019-01-01,2019-01-10,48.14,0.00,2020-03-20,0.00,48.14,444
334,319789,Ingresos Comunes,Alícuota Mensual,Expensas Ordinarias Enero del 2019,2019-01-01,2019-01-10,184.79,0.00,2019-03-25,0.00,369.58,83
334,319790,Ingresos Comunes,Alícuota Mensual,Expensas Ordinarias Enero del 2019,2019-01-01,2019-01-10,168.11,0.00,2019-01-14,0.00,168.11,13
271,381227,Ingresos Comunes,Consumo de Agua,Consumo de agua Enero 2019,2019-01-01,2019-03-31,6.09,0.00,2019-09-04,0.00,6.09,246
334,319791,Ingresos Comunes,Alícuota Mensual,Expensas Ordinarias Enero del 2019,2019-01-01,2019-01-10,184.86,0.00,2019-01-17,0.00,184.86,16
369,381099,Ingresos Comunes,Multas,MULTA POR VALOR IMPAGO ,2019-01-01,2019-01-10,18.74,0.00,2019-03-11,0.00,18.74,69
334,319792,Ingresos Comunes,Alícuota Mensual,Expensas Ordinarias Enero del 2019,2019-01-01,2019-01-10,168.12,0.00,2019-01-14,0.00,168.12,13
334,319793,Ingresos Comunes,Alícuota Mensual,Expensas Ordinarias Enero del 2019,2019-01-01,2019-01-10,184.96,0.00,2019-02-14,0.00,205.56,44
334,319794,Ingresos Comunes,Alícuota Mensual,Expensas Ordinarias Enero del 2019,2019-01-01,2019-01-10,168.23,0.00,2019-01-03,0.00,168.23,2
334,319795,Ingresos Comunes,Alícuota Mensual,Expensas Ordinarias Enero del 2019,2019-01-01,2019-01-10,185.04,0.00,2019-04-11,0.00,185.04,100
334,319796,Ingresos Comunes,Alícuota Mensual,Expensas Ordinarias Enero del 2019,2019-01-01,2019-01-10,169.07,0.00,2019-02-25,0.00,229.88,55
334,319797,Ingresos Comunes,Alícuota Mensual,Expensas Ordinarias Enero del 2019,2019-01-01,2019-01-10,185.86,0.00,2019-01-25,0.00,185.86,24
334,319798,Ingresos Comunes,Alícuota Mensual,Expensas Ordinarias Enero del 2019,2019-01-01,2019-01-10,169.19,0.00,2019-01-15,0.00,169.19,14
334,319799,Ingresos Comunes,Alícuota Mensual,Expensas Ordinarias Enero del 2019,2019-01-01,2019-01-10,186.03,0.00,2019-01-07,0.00,186.03,6
334,319800,Ingresos Comunes,Alícuota Mensual,Expensas Ordinarias Enero del 2019,2019-01-01,2019-01-10,169.48,0.00,2019-01-24,0.00,169.48,23
334,319801,Ingresos Comunes,Alícuota Mensual,Expensas Ordinarias Enero del 2019,2019-01-01,2019-01-10,388.89,0.00,2019-01-14,0.00,388.89,13
334,319802,Ingresos Comunes,Alícuota Mensual,Expensas Ordinarias Enero del 2019,2019-01-01,2019-01-10,173.12,0.00,2019-02-25,0.00,346.24,55
334,319803,Ingresos Comunes,Alícuota Mensual,Expensas Ordinarias Enero del 2019,2019-01-01,2019-01-10,180.53,0.00,2019-02-25,0.00,361.06,55
168,325830,Ingresos Comunes,Alicuotas mensuales,Cuota de Condominio de Enero 2019,2019-01-01,2019-01-10,201.34,0.00,2019-01-10,0.00,201.34,9
168,325829,Ingresos Comunes,Alicuotas mensuales,Cuota de Condominio de Enero 2019,2019-01-01,2019-01-10,144.21,0.00,2019-01-03,0.00,144.21,2
168,325828,Ingresos Comunes,Alicuotas mensuales,Cuota de Condominio de Enero 2019,2019-01-01,2019-01-10,138.25,0.00,2019-02-21,0.00,138.25,51
168,325827,Ingresos Comunes,Alicuotas mensuales,Cuota de Condominio de Enero 2019,2019-01-01,2019-01-10,127.03,0.00,2019-03-25,0.00,127.03,83
334,319804,Ingresos Comunes,Alícuota Mensual,Expensas Ordinarias Enero del 2019,2019-01-01,2019-01-10,173.23,0.00,2019-04-12,0.00,173.23,101
334,319805,Ingresos Comunes,Alícuota Mensual,Expensas Ordinarias Enero del 2019,2019-01-01,2019-01-10,180.80,0.00,2019-01-09,0.00,180.80,8
334,319806,Ingresos Comunes,Alícuota Mensual,Expensas Ordinarias Enero del 2019,2019-01-01,2019-01-10,173.47,0.00,2019-01-05,0.00,173.47,4
334,319807,Ingresos Comunes,Alícuota Mensual,Expensas Ordinarias Enero del 2019,2019-01-01,2019-01-10,181.11,0.00,2019-01-23,0.00,181.11,22
265,320133,Ingresos Comunes,Alícuotas mensuales,ALÍCUOTA ENERO 2019,2019-01-01,2019-01-31,50.00,0.00,2019-01-01,6.00,44.00,0
173,330676,Ingresos Comunes,ALICUOTAS MENSUALES,ALÍCUOTA ENERO 2019,2019-01-01,2019-01-01,268.60,0.00,2019-01-15,0.00,268.60,14
173,330677,Ingresos Comunes,ALICUOTAS MENSUALES,ALÍCUOTA ENERO 2019,2019-01-01,2019-01-01,73.22,0.00,2019-01-15,0.00,73.22,14
173,330678,Ingresos Comunes,ALICUOTAS MENSUALES,ALÍCUOTA ENERO 2019,2019-01-01,2019-01-01,66.92,0.00,2019-01-15,0.00,66.92,14
173,330679,Ingresos Comunes,ALICUOTAS MENSUALES,ALÍCUOTA ENERO 2019,2019-01-01,2019-01-01,142.82,0.00,2019-01-15,0.00,142.82,14
173,330680,Ingresos Comunes,ALICUOTAS MENSUALES,ALÍCUOTA ENERO 2019,2019-01-01,2019-01-01,93.25,0.00,2019-01-30,0.00,93.25,29
173,330681,Ingresos Comunes,ALICUOTAS MENSUALES,ALÍCUOTA ENERO 2019,2019-01-01,2019-01-01,138.83,0.00,2019-01-15,0.00,138.83,14
173,330682,Ingresos Comunes,ALICUOTAS MENSUALES,ALÍCUOTA ENERO 2019,2019-01-01,2019-01-01,164.08,0.00,2019-01-15,0.00,164.08,14
173,330683,Ingresos Comunes,ALICUOTAS MENSUALES,ALÍCUOTA ENERO 2019,2019-01-01,2019-01-01,146.63,0.00,2019-01-15,0.00,146.63,14
173,330684,Ingresos Comunes,ALICUOTAS MENSUALES,ALÍCUOTA ENERO 2019,2019-01-01,2019-01-01,144.72,0.00,2019-07-31,0.00,144.72,211
173,330685,Ingresos Comunes,ALICUOTAS MENSUALES,ALÍCUOTA ENERO 2019,2019-01-01,2019-01-01,93.13,0.00,2019-01-09,0.00,93.13,8
173,330686,Ingresos Comunes,ALICUOTAS MENSUALES,ALÍCUOTA ENERO 2019,2019-01-01,2019-01-01,153.72,0.00,2019-01-30,0.00,153.72,29
173,330687,Ingresos Comunes,ALICUOTAS MENSUALES,ALÍCUOTA ENERO 2019,2019-01-01,2019-01-01,82.40,0.00,2019-01-30,0.00,82.40,29
173,330688,Ingresos Comunes,ALICUOTAS MENSUALES,ALÍCUOTA ENERO 2019,2019-01-01,2019-01-01,64.35,0.00,2019-01-14,0.00,64.35,13
173,330689,Ingresos Comunes,ALICUOTAS MENSUALES,ALÍCUOTA ENERO 2019,2019-01-01,2019-01-01,72.80,0.00,2019-08-06,0.00,72.80,217
173,330690,Ingresos Comunes,ALICUOTAS MENSUALES,ALÍCUOTA ENERO 2019,2019-01-01,2019-01-01,66.92,0.00,2019-11-25,0.00,66.92,328
173,330691,Ingresos Comunes,ALICUOTAS MENSUALES,ALÍCUOTA ENERO 2019,2019-01-01,2019-01-01,378.10,0.00,2019-01-23,0.00,378.10,22
173,330692,Ingresos Comunes,ALICUOTAS MENSUALES,ALÍCUOTA ENERO 2019,2019-01-01,2019-01-01,112.08,0.00,2019-01-09,0.00,112.08,8
173,330693,Ingresos Comunes,ALICUOTAS MENSUALES,ALÍCUOTA ENERO 2019,2019-01-01,2019-01-01,136.63,0.00,2019-01-28,0.00,136.63,27
173,330694,Ingresos Comunes,ALICUOTAS MENSUALES,ALÍCUOTA ENERO 2019,2019-01-01,2019-01-01,76.87,0.00,2019-01-23,0.00,76.87,22
173,330695,Ingresos Comunes,ALICUOTAS MENSUALES,ALÍCUOTA ENERO 2019,2019-01-01,2019-01-01,119.22,0.00,2019-02-15,0.00,119.22,45
173,330696,Ingresos Comunes,ALICUOTAS MENSUALES,ALÍCUOTA ENERO 2019,2019-01-01,2019-01-01,94.44,0.00,2019-01-14,0.00,94.44,13
173,330697,Ingresos Comunes,ALICUOTAS MENSUALES,ALÍCUOTA ENERO 2019,2019-01-01,2019-01-01,151.64,0.00,2019-12-11,0.00,303.28,344
173,330698,Ingresos Comunes,ALICUOTAS MENSUALES,ALÍCUOTA ENERO 2019,2019-01-01,2019-01-01,84.72,0.00,2019-07-08,0.00,84.72,188
173,330699,Ingresos Comunes,ALICUOTAS MENSUALES,ALÍCUOTA ENERO 2019,2019-01-01,2019-01-01,94.25,0.00,2019-01-15,0.00,94.25,14
173,330700,Ingresos Comunes,ALICUOTAS MENSUALES,ALÍCUOTA ENERO 2019,2019-01-01,2019-01-01,144.13,0.00,2019-01-15,0.00,144.13,14
173,330701,Ingresos Comunes,ALICUOTAS MENSUALES,ALÍCUOTA ENERO 2019,2019-01-01,2019-01-01,142.88,0.00,2019-01-23,0.00,142.88,22
173,330702,Ingresos Comunes,ALICUOTAS MENSUALES,ALÍCUOTA ENERO 2019,2019-01-01,2019-01-01,103.68,0.00,2019-01-23,0.00,103.68,22
173,330703,Ingresos Comunes,ALICUOTAS MENSUALES,ALÍCUOTA ENERO 2019,2019-01-01,2019-01-01,231.41,0.00,2019-04-24,0.00,231.41,113
173,330704,Ingresos Comunes,ALICUOTAS MENSUALES,ALÍCUOTA ENERO 2019,2019-01-01,2019-01-01,79.24,0.00,2019-01-09,0.00,79.24,8
173,330705,Ingresos Comunes,ALICUOTAS MENSUALES,ALÍCUOTA ENERO 2019,2019-01-01,2019-01-01,143.06,0.00,2019-01-09,0.00,143.06,8
173,330706,Ingresos Comunes,ALICUOTAS MENSUALES,ALÍCUOTA ENERO 2019,2019-01-01,2019-01-01,104.39,0.00,2019-02-01,0.00,104.39,31
173,330707,Ingresos Comunes,ALICUOTAS MENSUALES,ALÍCUOTA ENERO 2019,2019-01-01,2019-01-01,101.47,0.00,2019-02-20,0.00,101.47,50
173,330708,Ingresos Comunes,ALICUOTAS MENSUALES,ALÍCUOTA ENERO 2019,2019-01-01,2019-01-01,168.37,0.00,2019-01-15,0.00,168.37,14
173,330709,Ingresos Comunes,ALICUOTAS MENSUALES,ALÍCUOTA ENERO 2019,2019-01-01,2019-01-01,73.29,0.00,2019-03-01,0.00,73.29,59
173,330710,Ingresos Comunes,ALICUOTAS MENSUALES,ALÍCUOTA ENERO 2019,2019-01-01,2019-01-01,79.84,0.00,2019-01-17,0.00,79.84,16
173,330711,Ingresos Comunes,ALICUOTAS MENSUALES,ALÍCUOTA ENERO 2019,2019-01-01,2019-01-01,75.67,0.00,2019-03-12,0.00,151.34,70